molecule_chembl_id,canonical_smiles,bioactivity_class,standard_value
CHEMBL13443,C=CCNC(=O)C(=O)[C@H](CC)NC(=O)[C@@H]1CCCN1C(=O)[C@@H](NC(=O)[C@@H](NC(=O)[C@H](CCC(=O)O)NC(=O)[C@@H](N)CC(=O)O)C(C)C)C(C)C,active,420.0
CHEMBL346460,C=CCC(NC(=O)[C@H]1CCCN1C(=O)[C@@H](NC(=O)[C@@H](NC(=O)[C@H](CCC(=O)O)NC(=O)[C@@H](N)CC(=O)O)C(C)C)C(C)C)C(=O)C(=O)NCC,active,350.0
CHEMBL348896,C=CCC(NC(=O)[C@H]1CCCN1C(=O)[C@@H](NC(=O)[C@@H](NC(=O)[C@H](CCC(=O)O)NC(=O)[C@@H](N)CC(=O)O)C(C)C)C(C)C)C(=O)C(=O)OC,intermediate,4340.0
CHEMBL351702,CC(=O)N[C@@H](CC(=O)O)C(=O)N[C@@H](CCC(=O)O)C(=O)N[C@H](C(=O)N[C@H](C(=O)N1CCC[C@@H]1C(=O)N[C@@H](CS)C(=O)O)C(C)C)C(C)C,intermediate,2500.0
CHEMBL351389,C=CCNC(=O)C(=O)C(CC=C)NC(=O)[C@H]1CCCN1C(=O)[C@@H](NC(=O)[C@@H](NC(=O)[C@H](CCC(=O)OC(C)(C)C)NC(=O)[C@H](CC(=O)OC(C)(C)C)NC(=O)OC(C)(C)C)C(C)C)C(C)C,active,570.0
CHEMBL162786,C=CCC(NC(=O)[C@H]1CCCN1C(=O)[C@@H](NC(=O)[C@@H](NC(=O)[C@H](CCC(=O)OC(C)(C)C)NC(=O)[C@H](CC(=O)OC(C)(C)C)NC(=O)OC(C)(C)C)C(C)C)C(C)C)C(=O)C(=O)OC,inactive,30000.0
CHEMBL351266,C=CCC(NC(=O)[C@H]1CCCN1C(=O)[C@@H](NC(=O)[C@@H](NC(=O)[C@H](CCC(=O)OC(C)(C)C)NC(=O)[C@H](CC(=O)OC(C)(C)C)NC(=O)OC(C)(C)C)C(C)C)C(C)C)C(=O)C(=O)CC(C)C,inactive,30000.0
CHEMBL435655,C=CCNC(=O)C(=O)C(CC=C)NC(=O)[C@H]1CCCN1C(=O)[C@@H](NC(=O)[C@@H](NC(=O)[C@H](CCC(=O)O)NC(=O)[C@@H](N)CC(=O)O)C(C)C)C(C)C,active,340.0
CHEMBL349198,C=CCC(NC(=O)[C@H]1CCCN1C(=O)[C@@H](NC(=O)[C@@H](NC(=O)[C@H](CCC(=O)O)NC(=O)[C@@H](N)CC(=O)O)C(C)C)C(C)C)C(=O)C(=O)C1CC=CCC1,intermediate,4230.0
CHEMBL159173,C=CCC(NC(=O)[C@H]1CCCN1C(=O)[C@@H](NC(=O)[C@@H](NC(=O)[C@H](CCC(=O)O)NC(=O)[C@@H](N)CC(=O)O)C(C)C)C(C)C)C(=O)C(=O)CC(C)C,intermediate,4800.0
CHEMBL404816,C=CCNC(=O)C(=O)[C@H](CC)NC(=O)[C@H]1CCCN1C(=O)[C@@H](NC(=O)[C@@H](NC(=O)[C@H](CCC(=O)OC(C)(C)C)NC(=O)[C@H](CC(=O)OC(C)(C)C)NC(=O)OC(C)(C)C)C(C)C)C(C)C,active,840.0
CHEMBL1790526,CC[C@@H](C)[C@H](NC(=O)CCC(=O)O)C(=O)N[C@H](C(=O)N1C[C@H](OCc2cccc3ccccc23)C[C@H]1C(=O)NC1(C(=O)O)CC1)C(C)C,intermediate,5500.0
CHEMBL1790527,CCC[C@H](NC(=O)[C@@H]1C[C@@H](OCc2cccc3ccccc23)CN1C(=O)[C@@H](NC(=O)[C@@H](NC(=O)CCC(=O)O)[C@H](C)CC)C(C)C)C(=O)O,inactive,22000.0
CHEMBL451001,CCCN(NC(=O)[C@@H]1C[C@@H](OCc2ccccc2)CN1C(=O)[C@@H](NC(=O)[C@@H](NC(=O)[C@@H](CCC(=O)O)NC(=O)[C@H](CC(=O)O)NC(C)=O)[C@@H](C)CC)C(C)C)C(=O)NN(C)c1ccccc1,active,480.0
CHEMBL3301643,CCCN(NC(=O)[C@@H]1C[C@@H](OCc2ccccc2)CN1C(=O)[C@@H](NC(=O)[C@@H](NC(=O)[C@@H](CCC(=O)O)NC(=O)[C@H](CC(=O)O)NC(C)=O)[C@@H](C)CC)C(C)C)C(=O)OCc1ccccc1,active,800.0
CHEMBL3301632,CC[C@H](C)[C@H](NC(=O)[C@@H](CCC(=O)O)NC(=O)[C@H](CC(=O)O)NC(C)=O)C(=O)N[C@H](C(=O)N1C[C@H](OCc2ccccc2)C[C@H]1C(=O)NN(CCC(C)C)C(=O)N[C@@H](C)c1ccccc1)C(C)C,intermediate,5700.0
CHEMBL3301631,CC[C@H](C)[C@H](NC(=O)[C@@H](CCC(=O)O)NC(=O)[C@H](CC(=O)O)NC(C)=O)C(=O)N[C@H](C(=O)N1C[C@H](OCc2ccccc2)C[C@H]1C(=O)NN(CC(F)(F)F)C(=O)N[C@@H](C)c1ccccc1)C(C)C,active,340.0
CHEMBL450590,CCCN(NC(=O)[C@@H]1C[C@@H](OCc2ccccc2)CN1C(=O)[C@@H](NC(=O)[C@@H](NC(=O)[C@@H](CCC(=O)O)NC(=O)[C@H](CC(=O)O)NC(C)=O)[C@@H](C)CC)C(C)C)C(=O)N[C@@H](C)c1cccc2ccccc12,active,490.0
CHEMBL506943,CCCN(NC(=O)[C@@H]1C[C@@H](OCc2ccccc2)CN1C(=O)[C@@H](NC(=O)[C@@H](NC(=O)[C@@H](CCC(=O)O)NC(=O)[C@H](CC(=O)O)NC(C)=O)[C@@H](C)CC)C(C)C)C(=O)N[C@H](C)c1ccccc1,intermediate,4300.0
CHEMBL3301639,CC[C@H](C)[C@H](NC(=O)[C@@H](CCC(=O)O)NC(=O)[C@H](CC(=O)O)NC(C)=O)C(=O)N[C@H](C(=O)N1C[C@H](OCc2ccccc2)C[C@H]1C(=O)NN(CC)C(=O)N[C@@H](C)c1ccccc1)C(C)C,active,85.0
CHEMBL3301634,CCC(CC)N(NC(=O)[C@@H]1C[C@@H](OCc2ccccc2)CN1C(=O)[C@@H](NC(=O)[C@@H](NC(=O)[C@@H](CCC(=O)O)NC(=O)[C@H](CC(=O)O)NC(C)=O)[C@@H](C)CC)C(C)C)C(=O)N[C@@H](C)c1ccccc1,intermediate,4100.0
CHEMBL509865,CCCN(NC(=O)[C@@H]1C[C@@H](OCc2ccccc2)CN1C(=O)[C@@H](NC(=O)[C@@H](NC(=O)[C@@H](CCC(=O)O)NC(=O)[C@H](CC(=O)O)NC(C)=O)[C@@H](C)CC)C(C)C)C(=O)N[C@@H](C)c1nnn[nH]1,active,860.0
CHEMBL3301644,CCCN(NC(=O)[C@@H]1C[C@@H](OCc2ccccc2)CN1C(=O)[C@@H](NC(=O)[C@@H](NC(=O)[C@@H](CCC(=O)O)NC(=O)[C@H](CC(=O)O)NC(C)=O)[C@@H](C)CC)C(C)C)C(=O)N1CCc2ccccc21,intermediate,4400.0
CHEMBL3301637,CC[C@H](C)[C@H](NC(=O)[C@@H](CCC(=O)O)NC(=O)[C@H](CC(=O)O)NC(C)=O)C(=O)N[C@H](C(=O)N1C[C@H](OCc2ccccc2)C[C@H]1C(=O)NN(C)C(=O)N[C@@H](C)c1ccccc1)C(C)C,active,430.0
CHEMBL3301636,CCCN(NC(=O)[C@@H]1C[C@@H](OCc2ccccc2)CN1C(=O)[C@@H](NC(=O)[C@@H](NC(=O)[C@@H](CCC(=O)O)NC(=O)[C@H](CC(=O)O)NC(C)=O)[C@@H](C)CC)C(C)C)C(=S)NCc1ccccc1,intermediate,4200.0
CHEMBL3301635,CCCCCN(NC(=O)[C@@H]1C[C@@H](OCc2ccccc2)CN1C(=O)[C@@H](NC(=O)[C@@H](NC(=O)[C@@H](CCC(=O)O)NC(=O)[C@H](CC(=O)O)NC(C)=O)[C@@H](C)CC)C(C)C)C(=O)N[C@@H](C)c1ccccc1,active,490.0
CHEMBL499671,CCCN(NC(=O)[C@@H]1C[C@@H](OCc2ccccc2)CN1C(=O)[C@@H](NC(=O)[C@@H](NC(=O)[C@@H](CCC(=O)O)NC(=O)[C@H](CC(=O)O)NC(C)=O)[C@@H](C)CC)C(C)C)C(=O)N[C@@H](C)c1ccccc1,active,78.0
CHEMBL3301646,CCCN(NC(=O)[C@@H]1C[C@@H](OCc2ccccc2)CN1C(=O)[C@@H](NC(=O)[C@@H](NC(=O)[C@@H](CCC(=O)O)NC(=O)[C@H](CC(=O)O)NC(C)=O)[C@@H](C)CC)C(C)C)C(=O)NCc1ccccc1,active,590.0
CHEMBL3301633,CC[C@H](C)[C@H](NC(=O)[C@@H](CCC(=O)O)NC(=O)[C@H](CC(=O)O)NC(C)=O)C(=O)N[C@H](C(=O)N1C[C@H](OCc2ccccc2)C[C@H]1C(=O)NN(CC(C)C)C(=O)N[C@@H](C)c1ccccc1)C(C)C,intermediate,2400.0
CHEMBL341277,CC[C@H](C)[C@H](NC(=O)[C@H](CC(=O)O)NC(=O)[C@H](CC(=O)O)NC(C)=O)C(=O)N[C@H](C(=O)N1CCC[C@@H]1C(=O)N[C@@H](CS)C(=O)O)C(C)C,inactive,43000.0
CHEMBL72695,CCC[C@H](NC(=O)[C@@H]1CCCN1C(=O)[C@@H](NC(=O)[C@@H](NC(=O)[C@H](CC(=O)O)NC(=O)[C@H](CC(=O)O)NC(C)=O)[C@@H](C)CC)C(C)C)C(=O)O,inactive,150000.0
CHEMBL3301640,CCC[C@H](NC(=O)[C@@H]1C[C@@H](OCc2ccccc2)CN1C(=O)[C@@H](NC(=O)[C@@H](NC(=O)[C@@H](CCC(=O)O)NC(=O)[C@H](CC(=O)O)NC(C)=O)[C@@H](C)CC)C(C)C)C(N)=O,inactive,26000.0
CHEMBL3301629,CCCN(NC(=O)[C@@H]1C[C@@H](OCc2ccccc2)CN1C(=O)[C@@H](NC(=O)[C@@H](NC(=O)[C@@H](CCC(=O)O)NC(=O)[C@H](CC(=O)O)NC(C)=O)[C@@H](C)CC)C(C)C)C(N)=O,inactive,17500.0
CHEMBL3301641,CCC[C@H](NC(=O)[C@@H]1C[C@@H](OCc2ccccc2)CN1C(=O)[C@@H](NC(=O)[C@@H](NC(=O)[C@@H](CCC(=O)O)NC(=O)[C@H](CC(=O)O)NC(C)=O)[C@@H](C)CC)C(C)C)C(=O)O,active,600.0
CHEMBL265531,CCC[C@H](NC(=O)[C@@H]1C[C@@H](OCc2ccccc2)CN1C(=O)[C@@H](NC(=O)[C@@H](NC(=O)[C@H](CC(=O)O)NC(=O)[C@H](CC(=O)O)NC(C)=O)[C@@H](C)CC)C(C)C)C(=O)O,intermediate,7000.0
CHEMBL3301645,CCCN(NC(=O)[C@@H]1C[C@@H](OCc2ccccc2)CN1C(=O)[C@@H](NC(=O)[C@@H](NC(=O)[C@@H](CCC(=O)O)NC(=O)[C@H](CC(=O)O)NC(C)=O)[C@@H](C)CC)C(C)C)C(=O)N(C)Cc1ccccc1,intermediate,8400.0
CHEMBL3301642,CCCN(NC(=O)[C@@H]1C[C@@H](OCc2ccccc2)CN1C(=O)[C@@H](NC(=O)[C@@H](NC(=O)[C@@H](CCC(=O)O)NC(=O)[C@H](CC(=O)O)NC(C)=O)[C@@H](C)CC)C(C)C)C(=O)CCc1ccccc1,active,710.0
CHEMBL3301638,CCCCN(NC(=O)[C@@H]1C[C@@H](OCc2ccccc2)CN1C(=O)[C@@H](NC(=O)[C@@H](NC(=O)[C@@H](CCC(=O)O)NC(=O)[C@H](CC(=O)O)NC(C)=O)[C@@H](C)CC)C(C)C)C(=O)N[C@@H](C)c1ccccc1,active,99.0
CHEMBL3301630,CCCN(NC(=O)[C@@H]1C[C@@H](OCc2ccccc2)CN1C(=O)[C@@H](NC(=O)[C@@H](NC(=O)[C@@H](CCC(=O)O)NC(=O)[C@H](CC(=O)O)NC(C)=O)[C@@H](C)CC)C(C)C)C(=O)NCc1ccc2c(c1)OCO2,active,500.0
CHEMBL504504,CCCN(NC(=O)[C@@H]1C[C@@H](OCc2ccccc2)CN1C(=O)[C@@H](NC(=O)[C@@H](NC(=O)[C@@H](CCC(=O)O)NC(=O)[C@H](CC(=O)O)NC(C)=O)[C@@H](C)CC)C(C)C)C(=O)N[C@@H](CC)c1ccccc1,active,440.0
CHEMBL499668,CCCN(NC(=O)[C@@H]1C[C@@H](OCc2ccccc2)CN1C(=O)[C@@H](NC(=O)[C@@H](NC(=O)[C@@H](CCC(=O)O)NC(=O)[C@H](CC(=O)O)NC(C)=O)[C@@H](C)CC)C(C)C)C(=O)N[C@@H](C)c1ccc(Br)cc1,active,72.0
CHEMBL509825,CCCN(NC(=O)[C@@H]1C[C@@H](OCc2ccccc2)CN1C(=O)[C@@H](NC(=O)[C@@H](NC(=O)[C@@H](CCC(=O)O)NC(=O)[C@H](CC(=O)O)NC(C)=O)[C@@H](C)CC)C(C)C)C(=O)N[C@@H](C)C1CCCCC1,active,420.0
CHEMBL3301628,CCC[C@@H](NC(=O)[C@@H]1C[C@@H](OCc2ccccc2)CN1C(=O)[C@@H](NC(=O)[C@@H](NC(=O)[C@@H](CCC(=O)O)NC(=O)[C@H](CC(=O)O)NC(C)=O)[C@@H](C)CC)C(C)C)C(=O)O,inactive,34000.0
CHEMBL447631,CCCN(NC(=O)[C@@H]1C[C@@H](OCc2ccccc2)CN1C(=O)[C@@H](NC(=O)[C@@H](NC(=O)[C@@H](CCC(=O)O)NC(=O)[C@H](CC(=O)O)NC(C)=O)[C@@H](C)CC)C(C)C)C(=O)N[C@H]1CCc2ccccc21,active,100.0
CHEMBL350871,CC[C@H](NC(=O)[C@@H]1C[C@@](C)(NC(=O)Nc2ccc(F)cc2)c2ncc(NCc3cccc(C(F)(F)F)c3)c(=O)n21)B1OC2C3CC(C[C@]2(C)O1)C3(C)C,intermediate,1030.0
CHEMBL166087,CC[C@H](NC(=O)[C@@H]1C[C@@](C)(NC(=O)Nc2cccc3ccccc23)c2ncc(NCc3cccc(C(F)(F)F)c3)c(=O)n21)B1OC2C3CC(C[C@]2(C)O1)C3(C)C,active,270.0
CHEMBL355235,CC[C@H](NC(=O)[C@@H]1C[C@@](C)(CC(=O)Nc2ccccc2OC)c2ncc(NCc3cccc(C(F)(F)F)c3)c(=O)n21)B1OC2C3CC(C[C@]2(C)O1)C3(C)C,active,200.0
CHEMBL163850,CC[C@H](NC(=O)[C@@H]1C[C@@](C)(NC(=O)Nc2ccccc2Cl)c2ncc(NCc3cccc(C(F)(F)F)c3)c(=O)n21)B1OC2C3CC(C[C@]2(C)O1)C3(C)C,active,370.0
CHEMBL351223,CC[C@H](NC(=O)[C@@H]1C[C@@](C)(NC(=O)Nc2ccccc2)c2ncc(NCc3cccc(C(F)(F)F)c3)c(=O)n21)B1OC2C3CC(C[C@]2(C)O1)C3(C)C,active,790.0
CHEMBL167984,CC[C@H](NC(=O)[C@@H]1C[C@@](C)(NC(=O)Nc2ccccc2Oc2ccccc2)c2ncc(NCc3cccc(C(F)(F)F)c3)c(=O)n21)B1OC2C3CC(C[C@]2(C)O1)C3(C)C,active,300.0
CHEMBL441490,CC[C@H](NC(=O)[C@@H]1C[C@@](C)(NC(=O)Nc2ccc(Oc3ccccc3)cc2)c2ncc(NCc3cccc(C(F)(F)F)c3)c(=O)n21)B1OC2C3CC(C[C@]2(C)O1)C3(C)C,intermediate,4740.0
CHEMBL352130,CC[C@H](NC(=O)[C@@H]1C[C@@](C)(NC(=O)Nc2ccccc2C)c2ncc(NCc3cccc(C(F)(F)F)c3)c(=O)n21)B1OC2C3CC(C[C@]2(C)O1)C3(C)C,active,780.0
CHEMBL352843,CC[C@H](NC(=O)[C@@H]1C[C@@](C)(NC(=O)Nc2cccc(F)c2)c2ncc(NCc3cccc(C(F)(F)F)c3)c(=O)n21)B1OC2C3CC(C[C@]2(C)O1)C3(C)C,active,500.0
CHEMBL348722,CC[C@H](NC(=O)[C@@H]1C[C@@](C)(CC(=O)Nc2ccccc2C(=O)NC)c2ncc(NCc3cccc(C(F)(F)F)c3)c(=O)n21)B1OC2C3CC(C[C@]2(C)O1)C3(C)C,active,180.0
CHEMBL350799,CC[C@H](NC(=O)[C@@H]1C[C@@](C)(NC(=O)c2ccccc2)c2ncc(NCc3cccc(C(F)(F)F)c3)c(=O)n21)B1OC2C3CC(C[C@]2(C)O1)C3(C)C,intermediate,3400.0
CHEMBL434672,CC[C@H](NC(=O)[C@@H]1C[C@@](C)(NC(=O)Nc2cccc(SC)c2)c2ncc(NCc3cccc(C(F)(F)F)c3)c(=O)n21)B1OC2C3CC(C[C@]2(C)O1)C3(C)C,active,130.0
CHEMBL349862,CC[C@H](NC(=O)[C@@H]1C[C@@](C)(NC(=O)Nc2ccccc2-c2ccccc2)c2ncc(NCc3cccc(C(F)(F)F)c3)c(=O)n21)B1OC2C3CC(C[C@]2(C)O1)C3(C)C,inactive,30000.0
CHEMBL165388,CC[C@H](NC(=O)[C@@H]1CCc2ncc(NCc3cccc(C(F)(F)F)c3)c(=O)n21)B1OC2C3CC(C[C@]2(C)O1)C3(C)C,intermediate,7000.0
CHEMBL167959,CCOC(=O)c1cccc(NC(=O)N[C@]2(C)C[C@@H](C(=O)N[C@@H](CC)B3OC4C5CC(C[C@]4(C)O3)C5(C)C)n3c2ncc(NCc2cccc(C(F)(F)F)c2)c3=O)c1,intermediate,1550.0
CHEMBL166210,CC[C@H](NC(=O)[C@@H]1C[C@@](C)(NC(=O)Nc2ccc(Cl)cc2)c2ncc(NCc3cccc(C(F)(F)F)c3)c(=O)n21)B1OC2C3CC(C[C@]2(C)O1)C3(C)C,intermediate,1100.0
CHEMBL352719,CC[C@H](NC(=O)[C@@H]1C[C@@](C)(NC(=O)Nc2ccccc2C(=O)OC)c2ncc(NCc3cccc(C(F)(F)F)c3)c(=O)n21)B1OC2C3CC(C[C@]2(C)O1)C3(C)C,active,80.0
CHEMBL350980,CC[C@H](NC(=O)[C@@H]1C[C@@](C)(CC(=O)Nc2ccccc2C(=O)OC)c2ncc(NCc3cccc(C(F)(F)F)c3)c(=O)n21)B1OC2C3CC(C[C@]2(C)O1)C3(C)C,active,100.0
CHEMBL167809,CC[C@H](NC(=O)[C@@H]1C[C@@](C)(CC(=O)Nc2cccc3ccccc23)c2ncc(NCc3cccc(C(F)(F)F)c3)c(=O)n21)B1OC2C3CC(C[C@]2(C)O1)C3(C)C,active,170.0
CHEMBL433706,CCOc1ccccc1NC(=O)N[C@]1(C)C[C@@H](C(=O)N[C@@H](CC)B2OC3C4CC(C[C@]3(C)O2)C4(C)C)n2c1ncc(NCc1cccc(C(F)(F)F)c1)c2=O,active,160.0
CHEMBL435265,CC[C@H](NC(=O)[C@@H]1C[C@@](C)(NC(=O)Nc2ccccc2C(=O)O)c2ncc(NCc3cccc(C(F)(F)F)c3)c(=O)n21)B1OC2C3CC(C[C@]2(C)O1)C3(C)C,intermediate,6400.0
CHEMBL351077,CC[C@H](NC(=O)[C@@H]1C[C@@](C)(NC(=O)Nc2ccccc2SC)c2ncc(NCc3cccc(C(F)(F)F)c3)c(=O)n21)B1OC2C3CC(C[C@]2(C)O1)C3(C)C,active,710.0
CHEMBL350398,CC[C@H](NC(=O)[C@@H]1C[C@@](C)(CC(=O)Nc2ccccc2C(=O)N(C)C)c2ncc(NCc3cccc(C(F)(F)F)c3)c(=O)n21)B1OC2C3CC(C[C@]2(C)O1)C3(C)C,intermediate,1460.0
CHEMBL444607,CC[C@H](NC(=O)[C@@H]1C[C@@](C)(NC(=O)Nc2ccc(SC)cc2)c2ncc(NCc3cccc(C(F)(F)F)c3)c(=O)n21)B1OC2C3CC(C[C@]2(C)O1)C3(C)C,intermediate,2360.0
CHEMBL168113,CC[C@H](NC(=O)[C@@H]1C[C@@](C)(CC(=O)Nc2ccccc2)c2ncc(NCc3cccc(C(F)(F)F)c3)c(=O)n21)B1OC2C3CC(C[C@]2(C)O1)C3(C)C,active,170.0
CHEMBL164441,CC[C@H](NC(=O)[C@@H]1C[C@@](C)(NC(=O)Oc2ccccc2)c2ncc(NCc3cccc(C(F)(F)F)c3)c(=O)n21)B1OC2C3CC(C[C@]2(C)O1)C3(C)C,intermediate,1400.0
CHEMBL435453,CC[C@H](NC(=O)[C@@H]1C[C@@](C)(NC(=O)Nc2ccccc2[N+](=O)[O-])c2ncc(NCc3cccc(C(F)(F)F)c3)c(=O)n21)B1OC2C3CC(C[C@]2(C)O1)C3(C)C,active,180.0
CHEMBL354460,CC[C@H](NC(=O)[C@@H]1C[C@@](C)(NC(=O)Nc2ccccc2OC)c2ncc(NCc3cccc(C(F)(F)F)c3)c(=O)n21)B1OC2C3CC(C[C@]2(C)O1)C3(C)C,active,360.0
CHEMBL167819,CC[C@H](NC(=O)[C@@H]1C[C@@](C)(CC(=O)Nc2ccccc2[N+](=O)[O-])c2ncc(NCc3cccc(C(F)(F)F)c3)c(=O)n21)B1OC2C3CC(C[C@]2(C)O1)C3(C)C,intermediate,2530.0
CHEMBL164440,CC[C@H](NC(=O)[C@@H]1C[C@@](C)(CC(=O)Nc2nccc3ccccc23)c2ncc(NCc3cccc(C(F)(F)F)c3)c(=O)n21)B1OC2C3CC(C[C@]2(C)O1)C3(C)C,active,440.0
CHEMBL354665,CC[C@H](NC(=O)[C@@H]1C[C@@](C)(NC(=O)NCc2ccccc2)c2ncc(NCc3cccc(C(F)(F)F)c3)c(=O)n21)B1OC2C3CC(C[C@]2(C)O1)C3(C)C,intermediate,1200.0
CHEMBL354990,CCOC(=O)c1ccc(NC(=O)N[C@]2(C)C[C@@H](C(=O)N[C@@H](CC)B3OC4C5CC(C[C@]4(C)O3)C5(C)C)n3c2ncc(NCc2cccc(C(F)(F)F)c2)c3=O)cc1,intermediate,1100.0
CHEMBL163853,CC[C@H](NC(=O)[C@@H]1C[C@@](C)(NC(=O)Cc2ccccc2)c2ncc(NCc3cccc(C(F)(F)F)c3)c(=O)n21)B1OC2C3CC(C[C@]2(C)O1)C3(C)C,intermediate,2400.0
CHEMBL164692,CC[C@H](NC(=O)[C@@H]1C[C@@](C)(CC(=O)Nc2ccccc2C(N)=O)c2ncc(NCc3cccc(C(F)(F)F)c3)c(=O)n21)B1OC2C3CC(C[C@]2(C)O1)C3(C)C,active,150.0
CHEMBL163654,CC[C@H](NC(=O)[C@@H]1C[C@@](C)(NC(=O)Nc2cccc(C(=O)OC)c2)c2ncc(NCc3cccc(C(F)(F)F)c3)c(=O)n21)B1OC2C3CC(C[C@]2(C)O1)C3(C)C,intermediate,1770.0
CHEMBL355383,CC[C@H](NC(=O)[C@@H]1C[C@@](C)(CC(=O)Nc2cccc(SC)c2)c2ncc(NCc3cccc(C(F)(F)F)c3)c(=O)n21)B1OC2C3CC(C[C@]2(C)O1)C3(C)C,active,90.0
CHEMBL165275,CCOC(=O)c1ccccc1NC(=O)N[C@]1(C)C[C@@H](C(=O)N[C@@H](CC)B2OC3C4CC(C[C@]3(C)O2)C4(C)C)n2c1ncc(NCc1cccc(C(F)(F)F)c1)c2=O,active,100.0
CHEMBL1790304,CC[C@H](C)[C@H](NC(=O)[C@H](CC(=O)O)NC(C)=O)C(=O)N[C@H](C(=O)N1CCC[C@H]1C(=O)N[C@@H](CS)C(=O)O)C(C)C,inactive,130000.0
CHEMBL298641,CC(=O)N[C@@H](CC(=O)O)C(=O)N[C@@H](CC(=O)O)C(=O)N[C@@H](C)C(=O)N[C@H](C(=O)N1CCC[C@H]1C(=O)N[C@@H](CS)C(=O)O)C(C)C,inactive,580000.0
CHEMBL1790289,CC[C@H](C)[C@H](NC(=O)[C@@H](NC(=O)[C@H](CC(=O)O)NC(C)=O)C(C)C)C(=O)N[C@H](C(=O)N1CCC[C@H]1C(=O)N[C@@H](CS)C(=O)O)C(C)C,inactive,52000.0
CHEMBL2372771,CC[C@H](C)[C@H](NC(=O)[C@H](NC(=O)[C@H](CC(=O)O)NC(C)=O)C(C)C)C(=O)N[C@H](C(=O)N1CCC[C@H]1C(=O)N[C@@H](CS)C(=O)O)C(C)C,intermediate,7500.0
CHEMBL2372770,CC[C@H](C)[C@H](NC(=O)[C@@H](CC(=O)O)NC(=O)CCC(=O)O)C(=O)N[C@H](C(=O)N1CCC[C@H]1C(=O)N[C@@H](CS)C(=O)O)C(C)C,inactive,76000.0
CHEMBL1790299,CC[C@H](C)[C@H](NC(=O)CCC(=O)O)C(=O)N[C@H](C(=O)N1CCC[C@H]1C(=O)N[C@@H](CS)C(=O)O)C(C)C,inactive,830000.0
CHEMBL1790303,CC[C@H](C)[C@H](NC(=O)[C@H](CC(=O)O)NC(=O)[C@@H](N)CC(=O)O)C(=O)N[C@H](C(=O)N1CCC[C@H]1C(=O)N[C@@H](CS)C(=O)O)C(C)C,inactive,71000.0
CHEMBL1790286,CC[C@H](C)[C@H](NC(=O)[C@H](CC(=O)O)NC(=O)[C@H](CC(=O)O)NC(C)=O)C(=O)N[C@H](C(=O)N[C@@H](C)C(=O)N[C@@H](CS)C(=O)O)C(C)C,inactive,93000.0
CHEMBL1790305,CC[C@H](C)[C@H](NC(=O)[C@H](CC(=O)O)NC(=O)[C@H](C)NC(C)=O)C(=O)N[C@H](C(=O)N1CCC[C@H]1C(=O)N[C@@H](CS)C(=O)O)C(C)C,inactive,200000.0
CHEMBL1790282,CC[C@H](C)[C@H](NC(=O)[C@H](CC(=O)O)NC(=O)[C@H](CC(=O)O)NC(C)=O)C(=O)N[C@H](C(=O)N1CCC[C@H]1C(=O)N[C@H](C(=O)O)C(C)(C)S)C(C)C,inactive,630000.0
CHEMBL1790281,CC[C@H](C)[C@H](NC(=O)[C@H](CC(=O)O)NC(=O)[C@H](CC(=O)O)NC(C)=O)C(=O)N[C@H](C(=O)N1CCC[C@H]1C(=O)N[C@@H](CO)C(=O)O)C(C)C,inactive,1000000.0
CHEMBL2369571,CC[C@H](C)[C@H](NC(=O)[C@@H](NC(=O)[C@H](CC(=O)O)NC(C)=O)C(C)(C)C)C(=O)N[C@H](C(=O)N1CCC[C@H]1C(=O)N[C@@H](CS)C(=O)O)C(C)C,inactive,20000.0
CHEMBL1790297,CC[C@H](C)[C@H](NC(=O)[C@H](CC(=O)O)NC(=O)[C@H](CC(=O)O)NC(C)=O)C(=O)N[C@H](C(=O)N1CCC[C@H]1C(=O)N[C@@H](CSC)C(=O)O)C(C)C,inactive,160000.0
CHEMBL1790300,CC[C@H](C)[C@H](NC(=O)[C@H](C)NC(=O)[C@H](CC(=O)O)NC(C)=O)C(=O)N[C@H](C(=O)N1CCC[C@H]1C(=O)N[C@@H](CS)C(=O)O)C(C)C,inactive,140000.0
CHEMBL2370476,CC[C@H](C)[C@H](NC(=O)[C@@H](CC(=O)O)NC(=O)[C@H](CC(=O)O)NC(C)=O)C(=O)N[C@H](C(=O)N1CCC[C@H]1C(=O)N[C@@H](CS)C(=O)O)C(C)C,intermediate,4000.0
CHEMBL1790295,CC[C@H](C)[C@H](NC(=O)[C@H](CC(=O)O)NC(=O)[C@H](CC(=O)O)NC(C)=O)C(=O)N[C@H](C(=O)N1CCC[C@H]1C(=O)N[C@@H](C)C(=O)O)C(C)C,inactive,710000.0
CHEMBL2372765,CC[C@H](C)[C@H](NC(=O)[C@H](CC(=O)O)NC(=O)[C@H](CC(=O)O)NC(C)=O)C(=O)N[C@H](C(=O)N1CCC[C@H]1C(=O)N[C@H](CS)C(=O)O)C(C)C,inactive,330000.0
CHEMBL1790298,CC[C@H](C)[C@H](NC(=O)[C@H](CC(=O)O)NC(=O)[C@H](CC(=O)O)NC(C)=O)C(=O)N[C@@H](C)C(=O)N1CCC[C@H]1C(=O)N[C@@H](CS)C(=O)O,inactive,890000.0
CHEMBL2369570,CC[C@@H](C)[C@@H](NC(=O)[C@H](CC(=O)O)NC(=O)[C@H](CC(=O)O)NC(C)=O)C(=O)N[C@H](C(=O)N1CCC[C@H]1C(=O)N[C@@H](CS)C(=O)O)C(C)C,inactive,800000.0
CHEMBL1790291,CC[C@H](C)[C@H](NC(=O)[C@H](CC(=O)O)NC(=O)CCC(=O)O)C(=O)N[C@H](C(=O)N1CCC[C@H]1C(=O)N[C@@H](CS)C(=O)O)C(C)C,inactive,33000.0
CHEMBL2372768,CC[C@H](C)[C@H](NC(=O)[C@H](CC(=O)O)NC(=O)[C@@H](CC(=O)O)NC(C)=O)C(=O)N[C@H](C(=O)N1CCC[C@H]1C(=O)N[C@@H](CS)C(=O)O)C(C)C,inactive,40000.0
CHEMBL295605,CC[C@H](C)[C@H](NC(=O)[C@H](CC(=O)O)NC(=O)[C@H](CC(=O)O)NC(C)=O)C(=O)N[C@H](C(=O)N1CCC[C@H]1C(=O)N[C@@H](CS)C(=O)O)C(C)C,inactive,28000.0
CHEMBL2372766,CC[C@H](C)[C@H](NC(=O)[C@H](CC(=O)O)NC(=O)[C@H](CC(=O)O)NC(C)=O)C(=O)N[C@@H](C(=O)N1CCC[C@H]1C(=O)N[C@@H](CS)C(=O)O)C(C)C,inactive,830000.0
CHEMBL341277,CC[C@H](C)[C@H](NC(=O)[C@H](CC(=O)O)NC(=O)[C@H](CC(=O)O)NC(C)=O)C(=O)N[C@H](C(=O)N1CCC[C@@H]1C(=O)N[C@@H](CS)C(=O)O)C(C)C,inactive,1000000.0
CHEMBL1790302,CC[C@H](C)[C@H](NC(=O)[C@H](CC(=O)O)NC(=O)[C@H](CC(=O)O)NC(=O)CNC(=O)[C@H](C)NC(=O)[C@H](CCC(=O)O)NC(=O)CN)C(=O)N[C@H](C(=O)N1CCC[C@H]1C(=O)N[C@@H](CS)C(=O)O)C(C)C,inactive,52000.0
CHEMBL2372769,CC[C@H](C)[C@H](NC(=O)[C@@H](CC(=O)O)NC(=O)[C@H](C)NC(C)=O)C(=O)N[C@H](C(=O)N1CCC[C@H]1C(=O)N[C@@H](CS)C(=O)O)C(C)C,inactive,200000.0
CHEMBL1790283,CC[C@H](C)[C@H](NC(=O)[C@H](CC(=O)O)NC(=O)[C@H](CC(=O)O)NC(C)=O)C(=O)N[C@H](C(=O)N1CCC[C@H]1C(=O)N[C@@H](CCSC)C(=O)O)C(C)C,inactive,500000.0
CHEMBL1790296,CC[C@H](C)[C@H](NC(=O)[C@H](CC(=O)O)NC(=O)[C@H](CC(=O)O)NC(C)=O)C(=O)N[C@H](C(=O)N1CCC[C@H]1C(=O)N[C@@H](CN)C(=O)O)C(C)C,inactive,1000000.0
CHEMBL60795,O=C1C=C2C(=CCOC2OC(=O)c2ccc(Br)cc2)O1,active,12.6
CHEMBL61801,CC(=O)OC1OCC=C2OC(=O)C=C21,active,7.2
CHEMBL294018,O=C1C=C2C(=CCOC2O)O1,active,3.8
CHEMBL3215349,O=C1OC[C@H]2O[C@@H](Oc3cc(O)c4c(c3)OC(c3ccccc3)CC4=O)[C@H](O)[C@@H](O)[C@@H]2OC(=O)c2cc(O)c(O)c(O)c2-c2c1cc(O)c(O)c2O,active,300.0
CHEMBL509123,O=C1OC[C@H]2O[C@@H](Oc3cc(O)c(C(=O)CCc4ccccc4)c(O)c3)[C@H](O)[C@@H](O)[C@@H]2OC(=O)c2cc(O)c(O)c(O)c2-c2c1cc(O)c(O)c2O,active,800.0
CHEMBL75579,CCC[C@H](NC(=O)[C@@H]1C[C@@H](OCc2ccccc2C)CN1C(=O)[C@@H](NC(=O)[C@@H](NC(=O)[C@H](CC(=O)O)NC(=O)[C@H](CC(=O)O)NC(C)=O)[C@@H](C)CC)C(C)C)C(=O)O,intermediate,6800.0
CHEMBL74584,CCC[C@H](NC(=O)[C@@H]1C[C@@H](OCc2cccc(C)c2)CN1C(=O)[C@@H](NC(=O)[C@@H](NC(=O)[C@H](CC(=O)O)NC(=O)[C@H](CC(=O)O)NC(C)=O)[C@@H](C)CC)C(C)C)C(=O)O,intermediate,3500.0
CHEMBL1790303,CC[C@H](C)[C@H](NC(=O)[C@H](CC(=O)O)NC(=O)[C@@H](N)CC(=O)O)C(=O)N[C@H](C(=O)N1CCC[C@H]1C(=O)N[C@@H](CS)C(=O)O)C(C)C,inactive,71000.0
CHEMBL311252,CC(=O)N[C@@H](CC(=O)O)C(=O)N[C@H](CCC(=O)O)C(=O)N[C@H](C(=O)N[C@H](C(=O)N1C[C@H](OCc2cccc3ccccc23)C[C@H]1C(=O)NC1(C(=O)O)CC1)C(C)C)C1CCCCC1,active,13.0
CHEMBL306094,CCC[C@H](NC(=O)[C@@H]1C[C@@H](OCc2ccc(C)cc2)CN1C(=O)[C@@H](NC(=O)[C@@H](NC(=O)[C@H](CC(=O)O)NC(=O)[C@H](CC(=O)O)NC(C)=O)[C@@H](C)CC)C(C)C)C(=O)O,intermediate,2500.0
CHEMBL408020,CC(C)[C@H](NC(=O)[C@@H](NC(=O)CCCC(=O)O)C1CCCCC1)C(=O)N1C[C@H](OCc2cccc3ccccc23)C[C@H]1C(=O)NC1(C(=O)O)CC1,active,900.0
CHEMBL305491,CCC[C@H](NC(=O)[C@@H]1C[C@@H](OCc2ccc3ccccc3c2)CN1C(=O)[C@@H](NC(=O)[C@@H](NC(=O)[C@H](CC(=O)O)NC(=O)[C@H](CC(=O)O)NC(C)=O)[C@@H](C)CC)C(C)C)C(=O)O,active,710.0
CHEMBL273360,CCC[C@H](NC(=O)[C@@H]1C[C@H](OCc2ccccc2)CN1C(=O)[C@@H](NC(=O)[C@@H](NC(=O)[C@H](CC(=O)O)NC(=O)[C@H](CC(=O)O)NC(C)=O)[C@@H](C)CC)C(C)C)C(=O)O,inactive,206000.0
CHEMBL265531,CCC[C@H](NC(=O)[C@@H]1C[C@@H](OCc2ccccc2)CN1C(=O)[C@@H](NC(=O)[C@@H](NC(=O)[C@H](CC(=O)O)NC(=O)[C@H](CC(=O)O)NC(C)=O)[C@@H](C)CC)C(C)C)C(=O)O,intermediate,7000.0
CHEMBL309808,CCC[C@H](NC(=O)[C@@H]1C[C@@H](CCCc2ccccc2)CN1C(=O)[C@@H](NC(=O)[C@@H](NC(=O)[C@H](CC(=O)O)NC(=O)[C@H](CC(=O)O)NC(C)=O)[C@@H](C)CC)C(C)C)C(=O)O,intermediate,3300.0
CHEMBL76181,CCC[C@H](NC(=O)[C@@H]1C[C@@H](CCc2ccccc2)CN1C(=O)[C@@H](NC(=O)[C@@H](NC(=O)[C@H](CC(=O)O)NC(=O)[C@H](CC(=O)O)NC(C)=O)[C@@H](C)CC)C(C)C)C(=O)O,inactive,10000.0
CHEMBL306026,CCC[C@H](NC(=O)[C@@H]1C[C@@H](O)CN1C(=O)[C@@H](NC(=O)[C@@H](NC(=O)[C@H](CC(=O)O)NC(=O)[C@H](CC(=O)O)NC(C)=O)[C@@H](C)CC)C(C)C)C(=O)O,inactive,93000.0
CHEMBL307012,CC[C@H](C)[C@H](NC(=O)[C@H](CC(=O)O)NC(=O)[C@H](CC(=O)O)NC(C)=O)C(=O)N[C@H](C(=O)N1CCC[C@H]1C(=O)NC1(C(=O)O)CC1)C(C)C,inactive,54000.0
CHEMBL432156,CCC[C@H](NC(=O)[C@@H]1C[C@@H](OCc2ccc3ccccc3c2)CN1C(=O)[C@@H](NC(=O)[C@@H](NC(=O)[C@@H](CCC(=O)O)NC(=O)[C@H](CC(=O)O)NC(C)=O)C1CCCCC1)C(C)C)C(=O)O,active,27.0
CHEMBL72695,CCC[C@H](NC(=O)[C@@H]1CCCN1C(=O)[C@@H](NC(=O)[C@@H](NC(=O)[C@H](CC(=O)O)NC(=O)[C@H](CC(=O)O)NC(C)=O)[C@@H](C)CC)C(C)C)C(=O)O,inactive,150000.0
CHEMBL306027,CCC[C@H](NC(=O)[C@@H]1CCCN1C(=O)[C@@H](NC(=O)[C@@H](NC(=O)[C@@H](CC(=O)O)NC(=O)[C@H](CC(=O)O)NC(C)=O)[C@@H](C)CC)C(C)C)C(=O)O,inactive,17000.0
CHEMBL306390,CCC[C@H](NC(=O)[C@@H]1CCCN1C(=O)[C@@H](NC(=O)[C@@H](NC(=O)[C@@H](CCC(=O)O)NC(=O)[C@H](CC(=O)O)NC(C)=O)[C@@H](C)CC)C(C)C)C(=O)O,intermediate,7500.0
CHEMBL75558,CC(=O)N[C@H](C(=O)N[C@H](C(=O)N1C[C@H](OCc2cccc3ccccc23)C[C@H]1C(=O)NC1(C(=O)O)CC1)C(C)C)C1CCCCC1,intermediate,3500.0
CHEMBL310738,CCC[C@H](NC(=O)[C@@H]1CCCN1C(=O)[C@@H](NC(=O)[C@@H](NC(=O)[C@@H](CC(=O)O)NC(=O)[C@H](CC(=O)O)NC(C)=O)[C@@H](C)CC)C(C)C)C(=O)C(F)(F)F,inactive,22000.0
CHEMBL307166,CCC[C@H](NC(=O)[C@@H]1C[C@@H](Cc2ccccc2)CN1C(=O)[C@@H](NC(=O)[C@@H](NC(=O)[C@H](CC(=O)O)NC(=O)[C@H](CC(=O)O)NC(C)=O)[C@@H](C)CC)C(C)C)C(=O)O,inactive,60000.0
CHEMBL73787,CCC[C@H](NC(=O)[C@@H]1C[C@@H](OCc2cccc3ccccc23)CN1C(=O)[C@@H](NC(=O)[C@@H](NC(=O)[C@H](CC(=O)O)NC(=O)[C@H](CC(=O)O)NC(C)=O)[C@@H](C)CC)C(C)C)C(=O)O,active,390.0
CHEMBL176355,CCOC(=O)CN1C(=O)/C(=C(\C)c2cccc(OC(=O)N[C@@H](CC(C)C)C(=O)N(CCN(Cc3ccc(C(=O)OC)cc3)Cc3ccc(C(=O)OC)cc3)Cc3ccc(Cl)cc3)c2)SC1=S,inactive,16000.0
CHEMBL173276,C=CCN1C(=O)/C(=C/c2cc3c(cc2[N+](=O)[O-])OCO3)SC1=S,inactive,40000.0
CHEMBL369617,CCOC(=O)CN1C(=O)/C(=C(\C)c2cccc(NS(=O)(=O)c3ccc(-c4ccc(S(=O)(=O)NCCNC(=O)OC(C)(C)C)cc4)cc3)c2)SC1=S,inactive,15000.0
CHEMBL369234,COC(=O)CN1C(=O)/C(=C/c2cc3c(cc2[N+](=O)[O-])OCO3)SC1=S,inactive,71000.0
CHEMBL366853,O=C(O)CN1C(=O)/C(=C/c2cc([N+](=O)[O-])ccc2F)SC1=S,inactive,64000.0
CHEMBL425679,C/C(=C1/SC(=S)N(CC(=O)O)C1=O)c1ccc(-c2ccccc2)cc1,inactive,20000.0
CHEMBL443475,C=CC[C@H](NC(=O)[C@@H]1C[C@@H](CCCc2cccc3ccccc23)c2c(Cl)nc(NCc3cccc([N+](=O)[O-])c3)c(=O)n21)B1OC2CC3CC(C3(C)C)[C@@]2(C)O1,active,40.0
CHEMBL274721,C=CC[C@H](NC(=O)[C@@H]1C[C@H](CCCc2ccccc2)c2c(Cl)nc(NCc3cccc(C(F)(F)F)c3)c(=O)n21)B1OC2CC3CC(C3(C)C)[C@@]2(C)O1,intermediate,2000.0
CHEMBL407896,C=CC[C@H](NC(=O)[C@@H]1C[C@@H](CCCc2cccc3ccccc23)c2c(Cl)nc(NCC(C)C)c(=O)n21)B1OC2CC3CC(C3(C)C)[C@@]2(C)O1,active,170.0
CHEMBL16104,C=CC[C@H](NC(=O)[C@@H]1C[C@@H](CCCc2cccc3ccccc23)c2c(Cl)nc(NCc3ccccc3)c(=O)n21)B1OC2CC3CC(C3(C)C)[C@@]2(C)O1,active,240.0
CHEMBL15861,C=CC[C@H](NC(=O)[C@@H]1C[C@@H](Cc2ccc(OC)cc2)c2c(Cl)nc(NCc3cccc(C(F)(F)F)c3)c(=O)n21)B1OC2CC3CC(C3(C)C)[C@@]2(C)O1,active,50.0
CHEMBL277953,C=CC[C@H](NC(=O)[C@@H]1C[C@@H](Cc2cccc(C)c2)c2c(Cl)nc(NCc3cccc(C(F)(F)F)c3)c(=O)n21)B1OC2CC3CC(C3(C)C)[C@@]2(C)O1,active,400.0
CHEMBL416351,C=CC[C@H](NC(=O)[C@@H]1C[C@@H](CCCc2cccc3ccccc23)c2c(Cl)nc(NC)c(=O)n21)B1OC2CC3CC(C3(C)C)[C@@]2(C)O1,active,320.0
CHEMBL429777,C=CC[C@H](NC(=O)[C@@H]1C[C@@H](CCCc2cccc3ccccc23)c2c(Cl)nc(NCC)c(=O)n21)B1OC2CC3CC(C3(C)C)[C@@]2(C)O1,active,230.0
CHEMBL16670,C=CC[C@H](NC(=O)[C@@H]1C[C@@H](CCCc2cccc3ccccc23)c2c(Cl)nc(NCC3CCCCC3)c(=O)n21)B1OC2CC3CC(C3(C)C)[C@@]2(C)O1,active,200.0
CHEMBL414202,C=CC[C@H](NC(=O)[C@@H]1C[C@@H](CCCc2cccc3ccccc23)c2c(Cl)nc(NCc3cccc(OC)c3)c(=O)n21)B1OC2CC3CC(C3(C)C)[C@@]2(C)O1,active,60.0
CHEMBL274985,C=CC[C@H](NC(=O)[C@@H]1C[C@@H](CCCc2cccc3ccccc23)c2c(Cl)nc(N)c(=O)n21)B1OC2CC3CC(C3(C)C)[C@@]2(C)O1,active,190.0
CHEMBL428527,C=CC[C@H](NC(=O)[C@@H]1C[C@@H](CCCc2cccc3ccccc23)c2c(Cl)nc(NCc3cccc(F)c3)c(=O)n21)B1OC2CC3CC(C3(C)C)[C@@]2(C)O1,active,60.0
CHEMBL276280,CC[C@H](NC(=O)[C@@H]1C[C@@H](CCCc2ccc3ccccc3c2)c2c(Cl)nc(NCc3cccc(C(F)(F)F)c3)c(=O)n21)B1OC2CC3CC(C3(C)C)[C@@]2(C)O1,active,20.0
CHEMBL409558,C=CC[C@H](NC(=O)[C@@H]1C[C@@H](Cc2cccc(OC)c2)c2c(Cl)nc(NCc3cccc(C(F)(F)F)c3)c(=O)n21)B1OC2CC3CC(C3(C)C)[C@@]2(C)O1,active,260.0
CHEMBL280301,C=CC[C@H](NC(=O)[C@@H]1C[C@@H](CCCc2cccc3ccccc23)c2c(Cl)nc(NCCC)c(=O)n21)B1OC2CC3CC(C3(C)C)[C@@]2(C)O1,active,180.0
CHEMBL278637,C=CC[C@H](NC(=O)[C@@H]1C[C@@H](Cc2ccc(C)cc2)c2c(Cl)nc(NCc3cccc(C(F)(F)F)c3)c(=O)n21)B1OC2CC3CC(C3(C)C)[C@@]2(C)O1,active,60.0
CHEMBL278479,C=CC[C@H](NC(=O)[C@@H]1C[C@@H](CCCc2cccc3ccccc23)c2c(Cl)nc(NCCCC)c(=O)n21)B1OC2CC3CC(C3(C)C)[C@@]2(C)O1,active,160.0
CHEMBL278400,C=CC[C@H](NC(=O)[C@@H]1C[C@H](CCCc2ccc3ccccc3c2)c2c(Cl)nc(NCc3cccc(C(F)(F)F)c3)c(=O)n21)B1OC2CC3CC(C3(C)C)[C@@]2(C)O1,active,510.0
CHEMBL278710,C=CC[C@H](NC(=O)[C@@H]1C[C@@H](CCCc2cccc3ccccc23)c2c(Cl)nc(NCc3cccc(C(F)(F)F)c3)c(=O)n21)B1OC2CC3CC(C3(C)C)[C@@]2(C)O1,active,2.0
CHEMBL15823,C=CC[C@H](NC(=O)[C@@H]1C[C@@H](Cc2ccc(-c3ccccc3)cc2)c2c(Cl)nc(NCc3cccc(C(F)(F)F)c3)c(=O)n21)B1OC2CC3CC(C3(C)C)[C@@]2(C)O1,active,6.0
CHEMBL15632,C=CC[C@H](NC(=O)[C@@H]1CCc2c(Cl)nc(NCc3cccc(C(F)(F)F)c3)c(=O)n21)B1OC2CC3CC(C3(C)C)[C@@]2(C)O1,intermediate,4600.0
CHEMBL277838,C=CC[C@H](NC(=O)[C@@H]1C[C@@H](CCCc2cccc3ccccc23)c2c(Cl)nc(NCc3ccccn3)c(=O)n21)B1OC2CC3CC(C3(C)C)[C@@]2(C)O1,active,90.0
CHEMBL15786,C=CC[C@H](NC(=O)[C@@H]1C[C@@H](Cc2ccccc2)c2c(Cl)nc(NCc3cccc(C(F)(F)F)c3)c(=O)n21)B1OC2CC3CC(C3(C)C)[C@@]2(C)O1,active,260.0
CHEMBL276504,C=CC[C@H](NC(=O)[C@@H]1C[C@@H](CCCc2ccc3ccccc3c2)c2c(Cl)nc(NCc3cccc(C(F)(F)F)c3)c(=O)n21)B1OC2CC3CC(C3(C)C)[C@@]2(C)O1,active,20.0
CHEMBL279813,C=CC[C@H](NC(=O)[C@@H]1C[C@@H](CCCc2ccccc2)c2c(Cl)nc(NCc3cccc(C(F)(F)F)c3)c(=O)n21)B1OC2CC3CC(C3(C)C)[C@@]2(C)O1,active,60.0
CHEMBL15867,C=CC[C@H](NC(=O)[C@@H]1C[C@@H](CCCc2cccc3ccccc23)c2c(Cl)nc(NCc3ccc(O)c(O)c3)c(=O)n21)B1OC2CC3CC(C3(C)C)[C@@]2(C)O1,active,110.0
CHEMBL77047,Cn1c(Cc2nc3cc(C(N)=O)ccc3[nH]2)nc2ccc(C(=O)NC(Cc3ccc(O)c(C(=O)O)c3)C(=O)O)cc21,intermediate,7000.0
CHEMBL77664,Cn1c(Cc2nc3cc(C(N)=O)ccc3[nH]2)nc2ccc(C(=O)Nc3cc(C(=O)O)cc(C(=O)NC(CC(=O)O)C(=O)O)c3)cc21,active,1000.0
CHEMBL312140,Cn1c(Cc2nc3cc(C(N)=O)ccc3[nH]2)nc2ccc(C(=O)NC(Cc3ccc(OCC(=O)O)cc3)C(=O)O)cc21,active,1000.0
CHEMBL312220,Cn1c(Cc2nc3cc(C(N)=O)ccc3[nH]2)nc2ccc(C(=O)NC(Cc3cccc(C(=O)O)c3)C(=O)O)cc21,inactive,25000.0
CHEMBL310429,COC(=O)c1ccccc1S(=O)(=O)NC(=O)CC[C@H](NC(=O)c1ccc2nc(Cc3nc4cc(C(N)=O)ccc4[nH]3)n(C)c2c1)C(=O)OCc1ccccc1,inactive,29000.0
CHEMBL75799,Cn1c(Cc2nc3cc(C(N)=O)ccc3[nH]2)nc2ccc(C(=O)Nc3ccc(C(=O)NC(CCC(=O)O)C(=O)O)cc3)cc21,inactive,17000.0
CHEMBL75693,Cn1c(Cc2nc3cc(C(N)=O)ccc3[nH]2)nc2ccc(C(=O)Nc3cc(C(=O)O)cc(C(=O)NC(CCC(=O)O)C(=O)O)c3)cc21,intermediate,2000.0
CHEMBL419463,Cn1c(Cc2nc3ccccc3[nH]2)nc2ccc(C(=O)NC(CCC(=O)N(CC(=O)O)CC(=O)O)C(=O)O)cc21,intermediate,7700.0
CHEMBL80922,Cn1c(Cc2nc3cc(C(N)=O)ccc3[nH]2)nc2ccc(C(=O)NC(CCP(=O)(O)O)C(=O)O)cc21,active,870.0
CHEMBL310192,COC(=O)c1ccccc1S(=O)(=O)NC(=O)CC(NC(=O)c1ccc2nc(Cc3nc4cc(C(N)=O)ccc4[nH]3)n(C)c2c1)C(=O)O,intermediate,8100.0
CHEMBL306989,Cn1c(Cc2nc3cc(C(N)=O)ccc3[nH]2)nc2ccc(C(=O)NC(CCCCCP(=O)(O)O)C(=O)O)cc21,active,510.0
CHEMBL310787,COC(=O)c1ccccc1S(=O)(=O)NC(=O)CC(NC(=O)c1ccc2nc(Cc3nc4ccccc4[nH]3)n(C)c2c1)C(=O)O,inactive,11000.0
CHEMBL76832,Cn1c(Cc2nc3cc(C(N)=O)ccc3[nH]2)nc2ccc(C(=O)Nc3cccc(C(=O)NC(CCC(=O)O)C(=O)O)c3)cc21,intermediate,6400.0
CHEMBL77224,Cn1c(Cc2nc3cc(C(N)=O)ccc3[nH]2)nc2ccc(C(=O)NC(Cc3ccc(OCC(=O)O)c(C(=O)O)c3)C(=O)O)cc21,intermediate,4000.0
CHEMBL78024,Cn1c(Cc2nc3cc(C(N)=O)ccc3[nH]2)nc2ccc(C(=O)NC(CC(C(=O)O)C(=O)O)C(=O)O)cc21,intermediate,2600.0
CHEMBL306151,Cn1c(Cc2nc3cc(C(N)=O)ccc3[nH]2)nc2ccc(C(=O)NCCc3ccc(OCC(=O)O)cc3)cc21,inactive,16000.0
CHEMBL76021,Cn1c(Cc2nc3cc(C(N)=O)ccc3[nH]2)nc2ccc(C(=O)Nc3cccc(C(=O)NCCCC(=O)O)c3)cc21,inactive,43000.0
CHEMBL309915,COC(=O)c1ccccc1S(=O)(=O)NC(=O)C[C@H](NC(=O)c1ccc2nc(Cc3nc4cc(C(N)=O)ccc4[nH]3)n(C)c2c1)C(=O)OCc1ccccc1,inactive,37000.0
CHEMBL310845,Cn1c(Cc2nc3cc(C(N)=O)ccc3[nH]2)nc2ccc(C(=O)NC(CCC(=O)NS(=O)(=O)c3ccccc3C(=O)O)C(=O)O)cc21,intermediate,2600.0
CHEMBL80925,Cn1c(Cc2nc3cc(C(N)=O)ccc3[nH]2)nc2ccc(C(=O)NC(CC(=O)NS(=O)(=O)c3ccccc3C(=O)O)C(=O)O)cc21,intermediate,1600.0
CHEMBL309006,Cn1c(Cc2nc3cc(C(N)=O)ccc3[nH]2)nc2ccc(C(=O)NC(CCCP(=O)(O)O)C(=O)O)cc21,active,820.0
CHEMBL421708,Cn1c(Cc2nc3cc(C(N)=O)ccc3[nH]2)nc2ccc(C(=O)NC(CP(=O)(O)O)C(=O)O)cc21,active,200.0
CHEMBL421708,Cn1c(Cc2nc3cc(C(N)=O)ccc3[nH]2)nc2ccc(C(=O)NC(CP(=O)(O)O)C(=O)O)cc21,inactive,167000.0
CHEMBL76142,Cn1c(Cc2nc3ccccc3[nH]2)nc2ccc(C(=O)NCCc3ccc(OCC(=O)NS(=O)(=O)c4ccccc4)cc3)cc21,inactive,12000.0
CHEMBL311987,Cn1c(Cc2nc3ccccc3[nH]2)nc2ccc(C(=O)NC(CC(=O)NS(=O)(=O)c3ccccc3C(=O)O)C(=O)O)cc21,intermediate,3400.0
CHEMBL80838,Cn1c(Cc2nc3cc(C(N)=O)ccc3[nH]2)nc2ccc(C(=O)NC(Cc3cc(OCC(=O)O)ccc3C(=O)O)C(=O)O)cc21,inactive,12000.0
CHEMBL307059,Cn1c(Cc2nc3cc(C(N)=O)ccc3[nH]2)nc2ccc(C(=O)NC(Cc3ccc(C(=O)O)c(OCC(=O)O)c3)C(=O)O)cc21,intermediate,9000.0
CHEMBL326207,Cc1ccc(CC[C@H](NC(=O)[C@H]2CCCN2C(=O)[C@@H](NC(=O)[C@@H](NC(=O)[C@H](CCC(=O)O)NC(=O)[C@@H](N)CC(=O)O)C(C)C)C(C)C)B2O[C@@H]3C[C@@H]4C[C@@H](C4(C)C)[C@]3(C)O2)c(C)c1,active,530.0
CHEMBL109592,Cc1ccccc1CC[C@H](NC(=O)[C@H]1CCCN1C(=O)[C@@H](NC(=O)[C@@H](NC(=O)[C@H](CCC(=O)O)NC(=O)[C@@H](N)CC(=O)O)C(C)C)C(C)C)B1O[C@@H]2C[C@@H]3C[C@@H](C3(C)C)[C@]2(C)O1,active,820.0
CHEMBL278908,CC(C)[C@H](NC(=O)[C@H](CCC(=O)O)NC(=O)[C@@H](N)CC(=O)O)C(=O)N[C@H](C(=O)N1CCC[C@@H]1C(=O)N[C@@H](CCc1cc(F)ccc1F)B1O[C@@H]2C[C@@H]3C[C@@H](C3(C)C)[C@]2(C)O1)C(C)C,active,930.0
CHEMBL325081,Cc1ccc(C)c(CC[C@H](NC(=O)[C@H]2CCCN2C(=O)[C@@H](NC(=O)[C@@H](NC(=O)[C@H](CCC(=O)O)NC(=O)[C@@H](N)CC(=O)O)C(C)C)C(C)C)B2O[C@@H]3C[C@@H]4C[C@@H](C4(C)C)[C@]3(C)O2)c1,active,1000.0
CHEMBL175190,C=C[C@@H]1C[C@]1(NC(=O)[C@@H]1C[C@@H](Oc2ccnc3ccccc23)CN1C(=O)[C@@H](NC(=O)[C@@H](NC(C)=O)C1CCCCC1)C(C)C)C(=O)O,active,110.0
CHEMBL369239,CC(=O)N[C@H](C(=O)N[C@H](C(=O)N1C[C@H](Oc2ccnc3cc(C(F)(F)F)ccc23)C[C@H]1C(=O)NC1(C(=O)O)CC1)C(C)C)C1CCCCC1,intermediate,8000.0
CHEMBL84319,C=C[C@@H]1C[C@]1(NC(=O)[C@@H]1C[C@@H](Oc2cc(-c3ccccc3)nc3ccccc23)CN1C(=O)[C@@H](NC(=O)[C@@H](NC(C)=O)C1CCCCC1)C(C)C)C(=O)O,active,13.0
CHEMBL175386,C=CC1C[C@]1(NC(=O)[C@@H]1C[C@@H](Oc2cc(-c3ccccc3)nc3ccccc23)CN1C(=O)[C@@H](NC(C)=O)C(C)C)C(=O)O,intermediate,3000.0
CHEMBL177169,CC(=O)N[C@H](C(=O)N[C@H](C(=O)N1C[C@H](Oc2cccc(Br)c2)C[C@H]1C(=O)NC1(C(=O)O)CC1)C(C)C)C1CCCCC1,inactive,52000.0
CHEMBL367655,CC(=O)N[C@H](C(=O)N[C@H](C(=O)N1C[C@H](Oc2ccnc3ccccc23)C[C@H]1C(=O)NC1(C(=O)O)CC1)C(C)C)C1CCCCC1,inactive,22000.0
CHEMBL82642,CC(=O)N[C@H](C(=O)N[C@H](C(=O)N1C[C@H](Oc2cc(-c3ccccc3)nc3ccccc23)C[C@H]1C(=O)NC1(C(=O)O)CC1)C(C)C)C1CCCCC1,active,370.0
CHEMBL366828,CC(=O)N[C@H](C(=O)N[C@H](C(=O)N1C[C@H](Oc2cccc(-c3cccc([N+](=O)[O-])c3)c2)C[C@H]1C(=O)NC1(C(=O)O)CC1)C(C)C)C1CCCCC1,intermediate,4000.0
CHEMBL368579,C=C[C@@H]1C[C@]1(NC(=O)[C@@H]1C[C@@H](Oc2cccc(-c3ccccc3)c2)CN1C(=O)[C@@H](NC(=O)[C@@H](NC(C)=O)C1CCCCC1)C(C)C)C(=O)O,active,120.0
CHEMBL75558,CC(=O)N[C@H](C(=O)N[C@H](C(=O)N1C[C@H](OCc2cccc3ccccc23)C[C@H]1C(=O)NC1(C(=O)O)CC1)C(C)C)C1CCCCC1,intermediate,4000.0
CHEMBL75558,CC(=O)N[C@H](C(=O)N[C@H](C(=O)N1C[C@H](OCc2cccc3ccccc23)C[C@H]1C(=O)NC1(C(=O)O)CC1)C(C)C)C1CCCCC1,active,390.0
CHEMBL75558,CC(=O)N[C@H](C(=O)N[C@H](C(=O)N1C[C@H](OCc2cccc3ccccc23)C[C@H]1C(=O)NC1(C(=O)O)CC1)C(C)C)C1CCCCC1,inactive,54000.0
CHEMBL177480,CC(=O)N[C@H](C(=O)N[C@H](C(=O)N1C[C@H](Oc2cccc(-c3ccccc3)c2)C[C@H]1C(=O)NC1(C(=O)O)CC1)C(C)C)C1CCCCC1,intermediate,6200.0
CHEMBL323107,COc1ccc2c(O[C@@H]3C[C@@H](C(=O)NC(CC(F)F)C(=O)NCCc4ccc(C(=O)O)cc4)N(C(=O)[C@@H](O)C(C)C)C3)cc(-c3ccccc3)nc2c1,inactive,11000.0
CHEMBL330117,C=CC1C[C@]1(NC(=O)C1C[C@@H](Oc2ccnc3ccccc23)CN1C(=O)[C@@H](NC(=O)OC(C)(C)C)C(C)(C)C)C(=O)O,active,330.0
CHEMBL330117,C=CC1C[C@]1(NC(=O)C1C[C@@H](Oc2ccnc3ccccc23)CN1C(=O)[C@@H](NC(=O)OC(C)(C)C)C(C)(C)C)C(=O)O,active,500.0
CHEMBL347708,CCCC[C@H](NC(=O)[C@H](Cc1ccsc1)NC(=O)[C@@H](NC(=O)[C@H](Cc1ccccc1C)NC(=O)[C@H](CCC(=O)O)NC(=O)[C@H](CC(=O)O)NC(=O)CCC(=O)O)C(C)(C)C)C(=O)C(N)=O,active,130.0
CHEMBL405678,CCCC[C@H](NC(=O)[C@H](CC(C)C)NC(=O)[C@@H](NC(=O)[C@H](Cc1ccc(OCc2ccccc2)cc1)NC(=O)[C@H](CCC(=O)O)NC(=O)[C@H](CC(=O)O)NC(=O)CCC(=O)O)C(C)(C)C)C(=O)C(N)=O,active,110.0
CHEMBL317487,COc1ccc2c(O[C@@H]3C[C@@H](C(=O)NC(CC(F)F)C(=O)NCCc4c(F)cc(C(=O)O)cc4F)N(C(=O)[C@@H](NC(=O)OC(C)(C)C)C(C)(C)C)C3)cc(-c3ccccc3)nc2c1,active,54.0
CHEMBL328782,COc1ccc2c(O[C@@H]3C[C@@H](C(=O)NC(CC(F)F)C(=O)NCCc4c(F)cc(C(=O)O)cc4F)N(C(C)=O)C3)cc(-c3ccccc3)nc2c1,inactive,38150000.0
CHEMBL93512,C=CC1C[C@]1(NC(=O)C1C[C@@H](Oc2cc(-c3ccccc3)nc3cc(OC)ccc23)CN1C(=O)[C@@H](NC(=O)OC(C)(C)C)C(C)(C)C)C(=O)O,active,25.0
CHEMBL347015,CCCC[C@H](NC(=O)[C@H](CC(C)C)NC(=O)[C@@H](NC(=O)[C@H](Cc1ccccc1C)NC(=O)[C@H](COCc1ccccc1)NC(=O)[C@H](CC(=O)O)NC(=O)CCC(=O)O)C(C)(C)C)C(=O)C(N)=O,active,29.0
CHEMBL216441,CCCC[C@H](NC(=O)[C@H](CC(C)C)NC(=O)[C@@H](NC(=O)[C@H](Cc1ccccc1C)NC(=O)[C@H](CCC(=O)O)NC(=O)[C@H](CC(=O)O)NC(=O)CCC(=O)O)C(C)(C)C)C(=O)C(=O)N[C@@H](CC)c1ccccc1,active,11.0
CHEMBL421380,COc1ccc2c(O[C@@H]3C[C@@H](C(=O)NC(CC(F)F)C(=O)NCCc4ccc(C(=O)O)cc4)N(C(=O)[C@@H](NC(=O)OCC(C)C)C(C)C)C3)cc(-c3ccccc3)nc2c1,active,400.0
CHEMBL435436,CCCC[C@H](NC(=O)[C@H](CC(C)C)NC(=O)[C@@H](NC(=O)[C@H](Cc1ccccc1C)NC(=O)[C@H](CCC(=O)O)NC(=O)[C@H](CC(=O)O)NC(=O)Cc1ccc2ccccc2c1)C(C)(C)C)C(=O)C(N)=O,active,90.0
CHEMBL348546,CCCC[C@H](NC(=O)[C@H](CC(C)C)NC(=O)[C@@H](NC(=O)[C@H](Cc1ccccc1C)NC(=O)[C@@H](NC(=O)[C@H](CC(=O)O)NC(=O)CCC(=O)O)C(C)C)C(C)(C)C)C(=O)C(N)=O,active,20.0
CHEMBL351341,CCCC[C@H](NC(=O)[C@H](CC(C)C)NC(=O)[C@@H](NC(=O)[C@H](Cc1ccccc1C)NC(=O)[C@H](CCC(=O)O)NC(=O)[C@H](CC(=O)O)NC(=O)CCC(=O)O)c1ccccc1)C(=O)C(N)=O,active,42.0
CHEMBL94003,COc1ccc2c(O[C@@H]3CC(C(=O)NC(CC(F)F)C(=O)O)N(C(=O)[C@@H](NC(=O)OC(C)(C)C)C(C)(C)C)C3)cc(-c3ccccc3)nc2c1,active,180.0
CHEMBL349586,CCCC[C@H](NC(=O)[C@H](CC(C)C)NC(=O)[C@@H](NC(=O)[C@H](Cc1ccccc1C)NC(=O)[C@H](CCC(=O)O)NC(=O)[C@H](Cc1c[nH]c2ccccc12)NC(=O)CCC(=O)O)C(C)(C)C)C(=O)C(N)=O,active,41.0
CHEMBL2371716,CCC(C)[C@H](NC(=O)[C@H](CC(=O)O)NC(=O)[C@H](CC(=O)O)NC(C)=O)C(=O)N[C@H](C(=O)N1CCC[C@@H]1C(=O)N[C@@H](CS)C(=O)O)C(C)C,inactive,71000.0
CHEMBL2371721,CC(=O)N[C@@H](CC(=O)O)C(=O)N[C@@H](CCC(=O)O)C(=O)N[C@@H](CC1CCCCC1)C(=O)N[C@H](C(=O)N1C[C@H](OCc2ccccc2)C[C@H]1C(=O)N[C@@H](CS)C(=O)O)C(C)C,active,33.0
CHEMBL360983,CC(=O)N[C@@H](CC(=O)O)C(=O)N[C@@H](CCC(=O)O)C(=O)N[C@@H](CC1CCCCC1)C(=O)N[C@H](C(=O)N1C[C@@H](OCc2ccccc2)C[C@H]1C(=O)NC1(C(=O)O)CC1)C(C)C,active,51.0
CHEMBL2371300,CC[C@H](C)[C@H](NC(=O)OC(C)(C)C)C(=O)N[C@@H](CC(C)C)C(=O)N[C@@H](CC(F)F)C(=O)C(=O)O,active,1000.0
CHEMBL175623,CCC(C)[C@H](NC(=O)OCc1ccccc1)C(=O)N[C@@H](CC(C)C)C(=O)NC(CC(F)F)C(=O)C(=O)O,intermediate,1700.0
CHEMBL175948,C=C[C@H]1C[C@]1(NC(=O)[C@@H]1C[C@@H](Oc2cc(-c3ccccc3)nc3ccccc23)CN1C(=O)[C@@H](NC(=O)[C@@H](NC(C)=O)C1CCCCC1)C(C)C)C(=O)O,active,13.0
CHEMBL297884,COc1ccc2c(O[C@@H]3C[C@H]4C(=O)N[C@]5(C(=O)O)C[C@H]5/C=C\CCCCC[C@H](NC(=O)OC5CCCC5)C(=O)N4C3)cc(-c3csc(NC(C)C)n3)nc2c1,intermediate,3000.0
CHEMBL2369715,CCCC[C@H](NC(=O)[C@H]1CCCN1C(=O)[C@H](CS)NC(=O)[C@H](CC1CCCCC1)NC(=O)[C@@H](NC(=O)[C@@H](NC(=O)[C@H](CCC(=O)O)NC(=O)[C@H](CC(=O)O)NC(C)=O)C(c1ccccc1)c1ccccc1)[C@@H](C)CC)C(=O)N[C@@H](CC(=O)O)C(=O)N[C@H](C(N)=O)C(C)C,intermediate,1800.0
CHEMBL2369716,CC[C@H](C)[C@H](NC(=O)[C@@H](NC(=O)[C@H](CCC(=O)O)NC(=O)[C@H](CC(=O)O)NC(C)=O)C(c1ccccc1)c1ccccc1)C(=O)N[C@@H](CC1CCCCC1)C(=O)N[C@@H](CS)C(=O)N1CCC[C@@H]1C(=O)N[C@@H](CC1CCCCC1)C(=O)N[C@@H](CC(=O)O)C(=O)N[C@H](C(N)=O)C(C)C,intermediate,1300.0
CHEMBL386885,CCCC[C@H](NC(=O)[C@H]1Cc2ccccc2CN1C(=O)[C@H](CS)NC(=O)[C@H](CC(C)C)NC(=O)[C@@H](NC(=O)[C@@H](NC(=O)[C@H](CCC(=O)O)NC(=O)[C@H](CCC(=O)O)NC(C)=O)C(C)C)C(C)C)C(=O)N[C@@H](CO)C(=O)N[C@@H](Cc1ccc(O)cc1)C(N)=O,active,1000.0
CHEMBL1791289,CCCC[C@H](NC(=O)[C@H]1Cc2ccccc2CN1C(=O)[C@H](CS)NC(=O)[C@H](CC1CCCCC1)NC(=O)[C@@H](NC(=O)[C@@H](NC(=O)[C@H](CCC(=O)O)NC(=O)[C@H](CC(=O)O)NC(C)=O)C(c1ccccc1)c1ccccc1)[C@H](C)CC)C(=O)N[C@@H](CO)C(=O)N[C@@H](Cc1ccc(O)cc1)C(N)=O,active,100.0
CHEMBL175971,CC(C)C[C@H](NC(=O)[C@H](CC(=O)O)NC(=O)[C@H](CC1CCCCC1)NC(=O)[C@@H]1CCCC[C@H]1C(=O)O)C(N)=O,inactive,15000.0
CHEMBL414693,CC[C@H](C)[C@H](NC(=O)[C@H](CCCN=C(N)N)NC(=O)CNC(=O)[C@@H](NC(=O)[C@@H](NC(=O)[C@@H](NC(=O)[C@@H](NC(=O)[C@H](CS)NC(=O)CCCCCNC(=O)CCCCCNC(=O)[C@H](CS)NC(=O)[C@H](CS)NC(=O)[C@@H](NC(=O)[C@@H](NC(=O)[C@H](CC(=O)O)NC(=O)[C@@H](N)CCC(=O)O)C(C)C)C(C)C)C(C)C)C(C)C)[C@@H](C)CC)C(C)C)C(=O)N[C@H](C(=O)N[C@@H](CC(C)C)C(=O)N[C@@H](CO)C(=O)NCC(=O)N[C@@H](CCCCN)C(=O)O)C(C)C,active,600.0
CHEMBL414722,CC[C@H](C)[C@H](NC(=O)[C@H](CCCN=C(N)N)NC(=O)CNC(=O)[C@@H](NC(=O)[C@@H](NC(=O)[C@@H](NC(=O)[C@@H](NC(=O)[C@H](CS)NC(=O)CCCCCNC(=O)[C@H](CS)NC(=O)[C@H](CS)NC(=O)[C@@H](NC(=O)[C@@H](NC(=O)[C@H](CC(=O)O)NC(=O)[C@@H](N)CCC(=O)O)C(C)C)C(C)C)C(C)C)C(C)C)[C@@H](C)CC)C(C)C)C(=O)N[C@H](C(=O)N[C@@H](CC(C)C)C(=O)N[C@@H](CO)C(=O)NCC(=O)N[C@@H](CCCCN)C(=O)N[C@@H](CCCCN)C(=O)O)C(C)C,intermediate,3000.0
CHEMBL2371723,CC[C@H](C)[C@H](NC(=O)[C@H](CCCN=C(N)N)NC(=O)CNC(=O)[C@@H](NC(=O)[C@@H](NC(=O)[C@@H](NC(=O)[C@@H](NC(=O)[C@@H](N)CS)C(C)C)C(C)C)[C@@H](C)CC)C(C)C)C(=O)N[C@H](C(=O)N[C@@H](CC(C)C)C(=O)N[C@@H](CO)C(=O)NCC(=O)N[C@@H](CCCCN)C(=O)NCCCC[C@H](NC(=O)CCCCCNC(=O)[C@H](CS)NC(=O)[C@H](CS)NC(=O)[C@@H](NC(=O)[C@@H](NC(=O)[C@H](CC(=O)O)NC(=O)[C@@H](N)CCC(=O)O)C(C)C)C(C)C)C(=O)O)C(C)C,intermediate,3000.0
CHEMBL428797,CC[C@H](C)[C@@H](NC(=O)[C@H](NC(=O)[C@@H](CC(C)C)NC(=O)[C@@H](CO)NC(=O)CNC(=O)[C@H](CCCCN)NC(=O)CCCCCNC(=O)CCCCCNC(=O)[C@H](CS)NC(=O)[C@H](CS)NC(=O)[C@@H](NC(=O)[C@@H](NC(=O)[C@H](CC(=O)O)NC(=O)[C@@H](N)CCC(=O)O)C(C)C)C(C)C)C(C)C)C(=O)N[C@H](CCCN=C(N)N)C(=O)NCC(=O)N[C@@H](C(=O)N[C@@H](C(=O)N[C@@H](C(=O)N[C@@H](C(=O)N[C@H](CS)C(=O)O)C(C)C)C(C)C)[C@@H](C)CC)C(C)C,active,200.0
CHEMBL413195,CC[C@H](C)[C@H](NC(=O)CNC(=O)[C@H](CCCN=C(N)N)NC(=O)[C@@H](NC(=O)[C@@H](NC(=O)[C@H](CC(C)C)NC(=O)[C@H](CO)NC(=O)CNC(=O)[C@H](CCCCN)NC(=O)CCCCCNC(=O)[C@H](CS)NC(=O)[C@H](CS)NC(=O)[C@@H](NC(=O)[C@@H](NC(=O)[C@H](CCC(=O)O)NC(=O)[C@@H](N)CC(=O)O)C(C)C)C(C)C)C(C)C)[C@@H](C)CC)C(=O)N[C@H](C(=O)N[C@H](C(=O)N[C@@H](CS)C(=O)N[C@@H](CCCCN)C(=O)O)C(C)C)C(C)C,active,200.0
CHEMBL179197,CCCC(=O)c1cc2c(c(O)c1C)C(=O)C(=O)c1c(O)cccc1-2,intermediate,7000.0
CHEMBL294018,O=C1C=C2C(=CCOC2O)O1,intermediate,3800.0
CHEMBL61801,CC(=O)OC1OCC=C2OC(=O)C=C21,intermediate,7200.0
CHEMBL367843,O=C1C=C2C(=CCOC2OC(=O)c2cccc(Br)c2)O1,inactive,12600.0
CHEMBL175532,CCCCCCCCCCCCCNC(=O)c1c(O)cc(O)c([N+](=O)[O-])c1O,intermediate,5800.0
CHEMBL179818,CCCCCCCCCCCCCCCCC/C(=C1\SC(=S)N(CC(=O)O)C1=O)c1ccccc1,intermediate,2300.0
CHEMBL333397,CC(=O)OCCC/C(=C1/SC(=S)N(CC(=O)O)C1=O)c1ccc(Br)cc1,intermediate,6400.0
CHEMBL362443,O=C1NC(=S)S/C1=C/c1cc([N+](=O)[O-])ccc1Sc1ccc(Cl)cc1,intermediate,3200.0
CHEMBL325640,O=C(Nc1ccc(Oc2ccc(Cl)c3ccccc23)c(Cl)c1)c1cc(Cl)ccc1NS(=O)(=O)c1ccc(Cl)cc1,intermediate,6500.0
CHEMBL115114,O=C(Nc1cc(Cl)ccc1Oc1ccc2ccccc2c1Cl)c1cc(Cl)cc(Br)c1O,intermediate,6200.0
CHEMBL398463,NC(=O)c1ncn([C@@H]2O[C@H](COP(=O)(O)OP(=O)(O)OP(=O)(O)O)[C@@H](O)[C@H]2O)n1,inactive,180000.0
CHEMBL3306225,NC(=O)c1ncn([C@@H]2O[C@H](COP(=O)(O)OP(=O)(O)O)[C@@H](O)[C@H]2O)n1,inactive,250000.0
CHEMBL428647,CC(=O)O[C@H]1C(=O)[C@]2(C)[C@@H](O)C[C@H]3OC[C@@]3(OC(C)=O)[C@H]2[C@H](OC(=O)c2ccccc2)[C@]2(O)C[C@H](OC(=O)[C@H](O)[C@@H](NC(=O)c3ccccc3)c3ccccc3)C(C)=C1C2(C)C,active,1000.0
CHEMBL177820,Brc1c(Br)c(Br)c2[nH]nnc2c1Br,inactive,20000.0
CHEMBL607669,OC[C@H]1O[C@@H](n2nnc3cc(Cl)c(Cl)cc32)[C@H](O)[C@@H]1O,intermediate,1500.0
CHEMBL607670,Nc1nc(=O)c2c(ncn2C2O[C@H](CO)[C@@H](O)[C@H]2O)c(=O)[nH]1,inactive,12000.0
CHEMBL175888,Nc1nc(=O)c2c(ncn2COCCOCc2ccccc2)c(=O)[nH]1,intermediate,5500.0
CHEMBL2368688,N=c1nc(N)c2ncn([C@H]3O[C@@H](COP(=O)(O)OP(=O)(O)OP(=O)([O-])O)[C@H](O)[C@@H]3O)c2c(N)n1.[Na+],active,550.0
CHEMBL2368690,CCN(CC)CC.CCN(CC)CC.O=C1NNC(=O)c2c(ncn2[C@H]2O[C@@H](COP(=O)(O)OP(=O)(O)OP(=O)(O)O)[C@H](O)[C@@H]2O)N1,intermediate,1500.0
CHEMBL422,CN1CCN(CCCN2c3ccccc3Sc3ccc(C(F)(F)F)cc32)CC1,active,700.0
CHEMBL298210,O=C(CCCCC(=O)Nc1ccc(-c2nc3ccccc3[nH]2)cc1)Nc1ccc(-c2nc3ccccc3[nH]2)cc1,active,700.0
CHEMBL366398,c1cc(CN2CCC(C3=NC4CCCCC4N3)CC2)ccc1CN1CCC(C2=NC3CCCCC3N2)CC1,intermediate,7000.0
CHEMBL417,COc1cccc2c1C(=O)c1c(O)c3c(c(O)c1C2=O)C[C@@](O)(C(=O)CO)C[C@@H]3O[C@H]1C[C@H](N)[C@@H](O)[C@H](C)O1,active,750.0
CHEMBL504459,COC(=O)[C@@H]1c2cc3c(c(O)c2[C@@H](O[C@@H]2O[C@@H](C)[C@H](OC)[C@@](C)(OC)[C@H]2OC)C[C@]1(C)O)C(=O)c1c(O)cc2c(c1C3=O)O[C@@H]1O[C@@]2(C)[C@H](O)[C@@H](N(C)C)[C@@H]1O,active,100.0
CHEMBL447974,O=C(OC[C@H]1O[C@@H](OC(=O)c2cc(O)c(O)c(O)c2)[C@H](OC(=O)c2cc(O)c(O)c(O)c2)[C@@H](O)[C@@H]1O)c1cc(O)c(O)c(O)c1,intermediate,1890.0
CHEMBL1159463,O=C(OC[C@H]1O[C@H](OC(=O)c2cc(O)c(O)c(O)c2)[C@H](OC(=O)c2cc(O)c(O)c(O)c2)[C@@H](OC(=O)c2cc(O)c(O)c(O)c2)[C@@H]1O)c1cc(O)c(O)c(O)c1,active,750.0
CHEMBL382408,O=C(OC[C@H]1O[C@@H](OC(=O)c2cc(O)c(O)c(O)c2)[C@H](OC(=O)c2cc(O)c(O)c(O)c2)[C@@H](OC(=O)c2cc(O)c(O)c(O)c2)[C@@H]1OC(=O)c1cc(O)c(O)c(O)c1)c1cc(O)c(O)c(O)c1,intermediate,1600.0
CHEMBL430264,CC[C@H](NC(=O)[C@H](CC1CCCCC1)NC(=O)[C@@H](NC(=O)[C@H](CC(C)C)NC(=O)c1cnccn1)[C@@H](C)CC)C(=O)C(=O)NCC(=O)NS(C)(=O)=O,inactive,25000.0
CHEMBL366037,CC[C@H](NC(=O)[C@H](CC1CCCCC1)NC(=O)[C@@H](NC(=O)[C@H](CC(C)C)NC(=O)c1cnccn1)[C@@H](C)CC)C(=O)C(=O)NCC(=O)NS(=O)(=O)C(F)(F)F,active,470.0
CHEMBL188238,CC[C@H](NC(=O)[C@H](CC1CCCCC1)NC(=O)[C@@H](NC(=O)[C@H](CC(C)C)NC(=O)c1cnccn1)[C@@H](C)CC)C(=O)C(=O)NCC(=O)NS(=O)(=O)c1ccccc1,intermediate,8900.0
CHEMBL187619,CC[C@H](NC(=O)[C@H](CC1CCCCC1)NC(=O)[C@@H](NC(=O)[C@H](CC(C)C)NC(=O)c1cnccn1)[C@@H](C)CC)C(=O)C(=O)NCC(=O)NS(=O)(=O)Cc1ccccc1,inactive,12000.0
CHEMBL187517,CC[C@H](NC(=O)[C@H](CC1CCCCC1)NC(=O)[C@@H](NC(=O)[C@H](CC(C)C)NC(=O)c1cnccn1)[C@@H](C)CC)C(=O)C(=O)NCC(=O)NS(=O)(=O)c1cccc(Cl)c1,active,250.0
CHEMBL187493,CC[C@H](NC(=O)[C@H](CC1CCCCC1)NC(=O)[C@@H](NC(=O)[C@H](CC(C)C)NC(=O)c1cnccn1)[C@@H](C)CC)C(=O)C(=O)NCC(=O)NS(=O)(=O)c1cccc([N+](=O)[O-])c1,active,410.0
CHEMBL363259,CC[C@H](NC(=O)[C@H](CC1CCCCC1)NC(=O)[C@@H](NC(=O)[C@H](CC(C)C)NC(=O)c1cnccn1)[C@@H](C)CC)C(=O)C(=O)NCC(=O)NS(=O)(=O)c1cccc(-c2ccccc2)c1,active,640.0
CHEMBL187516,CC[C@H](NC(=O)[C@H](CC1CCCCC1)NC(=O)[C@@H](NC(=O)[C@H](CC(C)C)NC(=O)c1cnccn1)[C@@H](C)CC)C(=O)C(=O)NCC(=O)NS(=O)(=O)c1ccc2ccccc2c1,intermediate,1200.0
CHEMBL364144,CC[C@H](NC(=O)[C@H](CC1CCCCC1)NC(=O)[C@@H](NC(=O)[C@H](CC(C)C)NC(=O)c1cnccn1)[C@@H](C)CC)C(=O)C(=O)NCC(=O)NS(=O)(=O)c1ccc([N+](=O)[O-])cc1,active,920.0
CHEMBL189098,CC[C@H](NC(=O)[C@H](CC1CCCCC1)NC(=O)[C@@H](NC(=O)[C@H](CC(C)C)NC(=O)c1cnccn1)[C@@H](C)CC)C(=O)C(=O)NCC(=O)NS(=O)(=O)c1ccc(-c2ccccc2)cc1,intermediate,2400.0
CHEMBL412198,CC[C@H](NC(=O)[C@H](CC1CCCCC1)NC(=O)[C@@H](NC(=O)[C@H](CC(C)C)NC(=O)c1cnccn1)[C@@H](C)CC)C(=O)C(=O)NCC(=O)NS(=O)(=O)c1cc(Cl)cc(S(=O)(=O)NC(=O)c2ccccc2)c1,active,120.0
CHEMBL187781,CC[C@H](NC(=O)[C@H](CC1CCCCC1)NC(=O)[C@@H](NC(=O)[C@H](CC(C)C)NC(=O)c1cnccn1)[C@@H](C)CC)C(=O)C(=O)NCC(=O)NS(=O)(=O)c1cc(Cl)cc(Cl)c1,active,130.0
CHEMBL361930,CC[C@H](NC(=O)[C@H](CC1CCCCC1)NC(=O)[C@@H](NC(=O)[C@H](CC(C)C)NC(=O)c1cnccn1)[C@@H](C)CC)C(=O)C(=O)NCC(=O)NS(=O)(=O)c1cc(C(=O)O)ccc1Cl,active,110.0
CHEMBL188450,CC[C@H](NC(=O)[C@H](CC1CCCCC1)NC(=O)[C@@H](NC(=O)[C@H](CC(C)C)NC(=O)c1cnccn1)[C@@H](C)CC)C(=O)C(=O)NCC(=O)NS(=O)(=O)c1nnc(NC(C)=O)s1,active,250.0
CHEMBL183074,CC[C@H](C)[C@H](NC(=O)[C@H](CC(C)C)NC(=O)c1cnccn1)C(=O)N[C@@H](CC1CCCCC1)C(=O)N[C@@H](CC(F)F)C(=O)C(=O)NCc1nn[nH]n1,active,40.0
CHEMBL188449,CC[C@H](C)[C@H](NC(=O)[C@H](CC(C)C)NC(=O)c1cnccn1)C(=O)N[C@@H](CC1CCCCC1)C(=O)N[C@@H](CC(F)F)C(=O)C(=O)NCC(=O)NS(=O)(=O)c1cccc(-c2ccccc2)c1,active,60.0
CHEMBL407699,CC[C@H](C)[C@H](NC(=O)[C@H](CC(C)C)NC(=O)c1cnccn1)C(=O)N[C@@H](CC1CCCCC1)C(=O)N[C@@H](CC(F)F)C(=O)C(=O)NCC(=O)NS(=O)(=O)c1cc(Cl)cc(S(=O)(=O)NC(=O)c2ccccc2)c1,active,60.0
CHEMBL424999,CC[C@H](C)[C@H](NC(=O)[C@H](CC(C)C)NC(=O)c1cnccn1)C(=O)N[C@@H](CC1CCCCC1)C(=O)N[C@@H](CC(F)F)C(=O)C(=O)NCC(=O)NS(=O)(=O)c1cc(Cl)cc(S(N)(=O)=O)c1,active,50.0
CHEMBL189038,CC[C@H](C)[C@H](NC(=O)[C@H](CC(C)C)NC(=O)c1cnccn1)C(=O)N[C@@H](CC1CCCCC1)C(=O)N[C@@H](CC(F)F)C(=O)C(=O)NCC(=O)NS(=O)(=O)c1nnc(NC(=O)c2ccc(Cl)cc2)s1,active,20.0
CHEMBL188984,CCCCCC(=O)Nc1nnc(S(=O)(=O)NC(=O)CNC(=O)C(=O)[C@H](CC(F)F)NC(=O)[C@H](CC2CCCCC2)NC(=O)[C@@H](NC(=O)[C@H](CC(C)C)NC(=O)c2cnccn2)[C@@H](C)CC)s1,active,20.0
CHEMBL275290,CC[C@H](C)[C@H](NC(=O)[C@H](CC(C)C)NC(=O)c1cnccn1)C(=O)N[C@@H](CC1CCCCC1)C(=O)N[C@@H](CC(F)F)C(=O)C(=O)NCC(=O)O,active,60.0
CHEMBL13256,CC[C@H](NC(=O)[C@H](CC1CCCCC1)NC(=O)[C@@H](NC(=O)[C@H](CC(C)C)NC(=O)c1cnccn1)[C@@H](C)CC)C(=O)C(=O)NCC(=O)O,active,230.0
CHEMBL185754,CC[C@H](NC(=O)[C@H](CC1CCCCC1)NC(=O)[C@@H](NC(=O)[C@H](CC(C)C)NC(=O)c1cnccn1)[C@@H](C)CC)C(=O)C(=O)NCS(=O)(=O)O,active,220.0
CHEMBL187449,CC[C@H](NC(=O)[C@H](CC1CCCCC1)NC(=O)[C@@H](NC(=O)[C@H](CC(C)C)NC(=O)c1cnccn1)[C@@H](C)CC)C(=O)C(=O)NCc1nn[nH]n1,active,460.0
CHEMBL380997,CCC[C@]1(CC(=O)O)OCCc2c1sc1c(C)cc(F)c(C#N)c21,inactive,75000.0
CHEMBL210593,Cc1cc(S(=O)(=O)N2CCC[C@H]2C(=O)O)c(N)cc1Cl,inactive,75000.0
CHEMBL222152,CC(C)C[C@H](NC(=O)C1Cc2ccccc2N1)C(=O)NC(CC(F)F)C(=O)C(=O)O,inactive,50000.0
CHEMBL225245,CC(C)C[C@H](NC(=O)C1(C2CCCCC2)Cc2ccccc2N1)C(=O)NC(CC(F)F)C(=O)C(=O)O,inactive,69000.0
CHEMBL225409,CC(C)C[C@H](NC(=O)C1(CC2CCC2)Cc2ccccc2N1)C(=O)NC(CC(F)F)C(=O)C(=O)O,inactive,34000.0
CHEMBL222822,CC(C)C[C@H](NC(=O)C1(Cc2ccc(Cl)s2)Cc2ccccc2N1)C(=O)NC(CC(F)F)C(=O)C(=O)O,intermediate,3700.0
CHEMBL390344,CC(C)C[C@H](NC(=O)C1(Cc2ccsc2C(=O)O)Cc2ccccc2N1)C(=O)NC(CC(F)F)C(=O)C(=O)O,active,700.0
CHEMBL390344,CC(C)C[C@H](NC(=O)C1(Cc2ccsc2C(=O)O)Cc2ccccc2N1)C(=O)NC(CC(F)F)C(=O)C(=O)O,inactive,73000.0
CHEMBL390344,CC(C)C[C@H](NC(=O)C1(Cc2ccsc2C(=O)O)Cc2ccccc2N1)C(=O)NC(CC(F)F)C(=O)C(=O)O,inactive,38000.0
CHEMBL390344,CC(C)C[C@H](NC(=O)C1(Cc2ccsc2C(=O)O)Cc2ccccc2N1)C(=O)NC(CC(F)F)C(=O)C(=O)O,inactive,27000.0
CHEMBL439547,CC(C)C[C@H](NC(=O)C1Cc2ccc(OCC(=O)O)cc2N1)C(=O)NC(CC(F)F)C(=O)C(=O)O,inactive,10000.0
CHEMBL439547,CC(C)C[C@H](NC(=O)C1Cc2ccc(OCC(=O)O)cc2N1)C(=O)NC(CC(F)F)C(=O)C(=O)O,inactive,27000.0
